sales_id,customer_id,product_id,store_id,quantity,discount,date,total_amount
1,63,38,12,3,29.24,2024-09-21,113.25
2,96,97,14,4,1.57,2025-03-02,1038.44
3,52,23,14,4,20.47,2024-09-22,475.94
4,96,63,2,4,14.04,2024-08-22,1427.73
5,132,15,5,3,17.38,2024-11-11,235.47
6,151,97,5,3,2.56,2025-02-14,770.99
7,143,25,6,2,1.29,2025-06-01,455.55
8,171,17,13,1,20.01,2024-10-16,124.46
9,29,97,9,4,24.7,2025-03-28,794.42
10,36,66,15,4,23.46,2024-11-15,837.75
11,13,78,14,1,16.31,2024-12-24,34.86
12,160,53,7,4,3.0,2024-11-02,1823.79
13,71,51,20,3,20.64,2024-10-19,1154.55
14,187,39,2,3,7.26,2024-12-29,956.24
15,86,51,7,4,27.33,2025-05-23,1409.62
16,28,70,6,3,25.15,2025-01-25,1108.18
17,66,6,17,3,21.28,2025-04-19,194.17
18,170,67,2,4,28.47,2024-08-15,213.9
19,45,7,3,2,0.94,2025-06-05,66.87
20,62,51,5,1,22.09,2025-06-05,377.82
21,185,72,5,3,9.91,2024-09-13,279.35
22,134,42,1,2,27.18,2024-11-15,364.26
23,28,64,8,3,8.0,2025-03-02,501.19
24,28,15,12,3,21.75,2024-08-02,223.01
25,108,29,4,1,26.33,2025-02-20,219.72
26,44,33,13,3,1.25,2024-08-09,110.21
27,84,94,15,1,11.93,2024-12-18,249.09
28,30,27,11,1,22.87,2024-11-04,80.09
29,190,36,10,1,13.65,2025-01-30,349.86
30,75,29,3,2,8.02,2025-01-02,548.66
31,128,38,14,4,6.59,2024-08-07,199.34
32,92,57,16,2,3.95,2025-06-13,93.74
33,190,97,10,4,25.71,2025-05-22,783.76
34,129,27,10,4,17.26,2025-02-22,343.67
35,121,55,12,1,2.29,2025-04-08,294.07
36,27,33,9,3,11.48,2024-07-27,98.79
37,190,68,1,1,11.03,2025-04-16,357.74
38,121,86,5,3,5.45,2024-10-03,470.77
39,116,66,20,4,13.07,2025-05-21,951.47
40,3,10,8,1,9.96,2025-01-28,320.09
41,103,5,11,3,10.25,2025-06-03,221.4
42,198,74,12,2,22.17,2025-04-03,636.1
43,200,97,1,3,6.7,2024-07-23,738.24
44,155,38,20,1,19.26,2024-09-24,43.07
45,137,13,11,2,17.12,2024-11-22,691.32
46,62,31,5,3,17.04,2025-01-30,760.9
47,165,47,15,3,19.89,2024-09-01,382.85
48,51,100,5,3,16.45,2025-01-01,146.4
49,172,88,12,3,26.38,2024-08-15,708.06
50,152,52,5,3,20.27,2024-10-03,929.71
51,59,56,17,2,16.41,2025-02-26,771.25
52,118,15,17,4,24.89,2024-08-13,285.42
53,160,29,12,2,18.18,2024-08-21,488.06
54,96,8,15,2,8.73,2025-01-12,791.79
55,180,5,15,2,6.21,2024-07-04,154.25
56,113,29,6,4,4.57,2025-03-03,1138.48
57,62,47,12,1,26.98,2025-05-28,116.32
58,186,68,20,4,21.3,2024-09-13,1265.78
59,52,76,18,2,28.12,2024-09-12,525.96
60,12,45,14,3,18.1,2024-12-31,327.03
61,39,2,2,3,14.2,2024-08-17,1224.19
62,130,27,9,2,1.79,2024-07-27,203.96
63,131,95,5,3,20.15,2025-03-17,926.17
64,113,36,20,2,17.47,2024-12-13,668.76
65,101,36,1,3,29.71,2024-12-10,854.36
66,113,26,3,4,7.17,2024-07-29,1461.74
67,184,43,6,1,15.92,2024-10-12,18.51
68,81,27,5,1,19.53,2025-06-12,83.56
69,187,69,5,4,19.34,2025-01-31,135.19
70,113,20,1,4,16.84,2024-12-23,496.17
71,2,11,17,2,23.31,2024-07-22,23.3
72,130,74,19,2,6.15,2025-03-08,767.04
73,54,38,14,2,21.77,2025-03-12,83.47
74,87,6,12,3,18.59,2024-09-21,200.81
75,129,72,10,2,26.88,2025-04-12,151.15
76,147,23,20,4,25.42,2025-02-13,446.32
77,126,47,18,1,9.45,2024-09-22,144.25
78,130,90,11,3,8.29,2024-10-18,656.87
79,53,46,2,2,29.45,2024-07-28,469.79
80,172,12,18,3,15.82,2024-07-05,1225.1
81,160,90,7,3,27.19,2025-05-19,521.5
82,198,13,15,2,4.92,2025-04-22,793.08
83,160,62,11,3,19.28,2024-12-09,337.38
84,68,82,18,1,24.3,2025-04-06,237.34
85,183,89,12,4,28.42,2024-09-21,1271.75
86,184,97,6,4,10.12,2024-08-13,948.23
87,123,60,20,1,21.75,2024-07-15,129.93
88,145,43,13,3,16.16,2025-04-29,55.38
89,38,76,20,2,1.82,2025-01-21,718.4
90,24,100,16,3,20.7,2024-10-07,138.96
91,69,68,18,1,20.7,2024-08-19,318.86
92,116,5,10,3,27.92,2024-11-07,177.81
93,98,37,8,4,14.92,2024-08-10,530.15
94,198,72,18,3,6.91,2025-04-26,288.65
95,139,92,1,1,1.34,2025-03-08,353.26
96,144,31,8,4,12.47,2024-10-28,1070.42
97,97,9,6,3,9.06,2024-09-18,825.42
98,124,51,5,3,22.83,2025-03-07,1122.68
99,187,29,15,4,10.63,2024-08-17,1066.18
100,70,78,15,2,28.47,2024-08-15,59.58
101,93,40,2,4,28.87,2024-10-27,634.14
102,3,41,1,2,18.63,2025-04-03,106.45
103,148,86,11,1,27.86,2024-09-30,119.73
104,187,11,10,1,22.83,2025-06-13,11.72
105,164,23,18,4,16.41,2024-08-08,500.24
106,147,1,18,4,5.41,2025-02-28,720.4
107,90,46,17,1,13.76,2024-11-02,287.14
108,195,21,8,2,16.83,2025-01-31,512.11
109,147,90,15,1,25.92,2025-01-12,176.87
110,148,36,8,4,14.44,2025-01-06,1386.62
111,96,54,17,1,26.93,2024-09-30,327.31
112,199,87,12,4,20.23,2024-10-11,1168.34
113,52,57,8,4,4.11,2024-08-19,187.18
114,161,1,14,1,29.85,2025-01-31,133.57
115,168,63,4,2,15.82,2025-02-24,699.08
116,128,54,1,3,11.76,2024-07-31,1185.79
117,39,55,1,1,19.77,2024-11-02,241.46
118,82,40,19,3,3.27,2025-03-13,646.78
119,104,15,16,1,19.1,2024-12-03,76.85
120,129,21,14,3,14.95,2025-02-10,785.53
121,11,47,16,2,12.2,2024-09-11,279.73
122,185,73,5,2,28.59,2024-11-14,11.04
123,178,53,9,1,15.68,2025-02-25,396.35
124,151,9,2,4,6.57,2024-11-21,1130.69
125,159,74,18,3,13.77,2025-04-21,1057.14
126,42,52,6,4,27.58,2025-06-24,1125.96
127,99,57,9,4,5.28,2024-08-18,184.89
128,7,26,1,4,6.42,2025-01-16,1473.55
129,144,41,9,2,0.39,2024-07-26,130.31
130,90,35,16,1,0.43,2024-08-08,480.91
131,112,63,13,1,24.88,2024-12-30,311.92
132,60,25,9,2,21.96,2025-02-23,360.15
133,113,90,13,2,10.65,2024-08-08,426.65
134,2,75,9,1,20.95,2024-07-31,280.54
135,129,38,11,4,11.86,2025-03-05,188.09
136,48,2,4,3,28.59,2024-07-18,1018.88
137,140,7,2,3,29.01,2025-05-01,71.88
138,197,82,6,3,11.78,2024-11-11,829.79
139,37,91,14,4,25.63,2025-06-19,190.98
140,160,34,4,1,23.19,2024-07-17,364.62
141,9,91,6,2,9.3,2025-06-08,116.46
142,99,17,19,1,6.96,2025-04-06,144.77
143,147,43,6,4,13.75,2024-11-26,75.97
144,48,59,2,2,23.44,2024-12-23,41.94
145,131,51,18,4,28.81,2025-02-14,1380.92
146,148,54,13,3,22.91,2025-04-14,1035.95
147,152,24,9,3,25.66,2025-04-07,415.6
148,54,25,19,4,18.09,2025-05-08,756.03
149,120,71,13,2,25.06,2025-01-13,580.43
150,161,52,11,2,23.53,2025-06-24,594.46
151,152,70,1,1,11.31,2025-02-17,437.69
152,116,88,7,3,16.56,2025-04-01,802.5
153,75,33,15,1,24.14,2025-03-08,28.22
154,113,49,1,1,1.38,2025-05-07,271.82
155,200,29,12,4,24.24,2025-06-06,903.82
156,164,63,7,4,5.34,2024-12-29,1572.23
157,166,22,15,1,15.44,2024-09-12,62.62
158,104,26,19,3,24.25,2024-08-16,894.59
159,84,28,1,4,7.61,2025-06-26,959.19
160,112,85,17,1,7.37,2025-04-30,147.23
161,99,49,17,1,12.08,2025-04-19,242.33
162,153,71,3,1,26.84,2025-04-18,283.32
163,93,81,12,1,0.01,2024-12-02,432.2
164,146,84,6,1,27.04,2025-05-19,26.6
165,128,49,11,1,4.61,2025-01-02,262.91
166,110,20,3,4,29.7,2024-07-23,419.44
167,82,86,8,3,28.65,2025-04-12,355.26
168,194,92,14,1,14.84,2025-05-27,304.92
169,54,63,14,2,15.38,2025-02-10,702.74
170,163,61,10,4,14.45,2024-12-12,675.5
171,189,49,2,4,19.06,2025-01-27,892.35
172,169,71,14,1,2.72,2025-05-24,376.73
173,161,1,9,4,0.98,2024-08-18,754.14
174,68,96,3,1,1.73,2024-11-29,245.11
175,33,13,8,3,13.33,2025-02-24,1084.4
176,142,94,16,3,8.27,2025-05-12,778.32
177,21,87,2,4,18.66,2024-07-05,1191.34
178,48,51,6,4,29.77,2025-06-09,1362.29
179,148,56,12,2,11.59,2024-09-11,815.72
180,128,83,5,4,17.22,2024-11-02,558.9
181,136,62,2,2,12.47,2024-12-23,243.89
182,135,32,16,3,25.42,2025-01-27,200.05
183,195,30,5,3,27.07,2024-08-30,61.24
184,145,29,15,1,26.32,2024-12-17,219.75
185,128,49,12,3,29.23,2025-02-04,585.17
186,33,45,4,2,0.83,2024-10-25,263.99
187,176,93,15,4,25.19,2025-04-25,1141.87
188,187,30,11,1,22.55,2024-10-30,21.68
189,115,16,16,2,6.86,2025-04-12,178.44
190,119,40,6,4,28.69,2024-11-24,635.74
191,22,19,14,1,4.45,2025-02-05,209.07
192,158,18,18,3,20.39,2025-06-25,632.3
193,38,1,12,2,6.75,2024-11-30,355.1
194,109,78,11,4,12.94,2024-08-01,145.04
195,51,47,13,1,21.57,2025-03-24,124.94
196,182,66,11,1,16.9,2024-09-22,227.39
197,8,92,16,3,12.83,2025-01-07,936.36
198,27,94,15,4,9.79,2024-12-31,1020.56
199,27,38,15,3,25.19,2024-08-09,119.73
200,21,51,4,3,4.31,2025-05-28,1392.12
201,30,63,11,4,12.9,2024-07-27,1446.66
202,97,4,19,4,27.11,2025-03-19,878.59
203,28,1,15,4,25.38,2024-09-14,568.31
204,111,8,4,2,12.03,2025-06-25,763.16
205,192,29,13,4,22.89,2024-11-04,919.92
206,197,55,19,1,24.69,2024-10-08,226.65
207,61,3,2,3,26.67,2025-02-17,808.11
208,48,32,14,2,16.34,2024-11-08,149.6
209,147,10,4,4,6.13,2025-01-23,1334.83
210,4,74,16,2,7.66,2025-02-18,754.69
211,35,83,20,4,8.87,2024-10-20,615.27
212,192,34,14,2,17.81,2024-10-26,780.31
213,49,97,15,3,0.98,2025-05-19,783.5
214,17,87,3,3,19.08,2025-05-03,888.89
215,172,55,8,1,10.93,2025-01-20,268.07
216,158,92,16,1,8.86,2024-08-07,326.34
217,46,32,10,4,26.38,2025-06-22,263.29
218,117,50,4,3,13.8,2025-01-21,249.55
219,6,7,18,2,2.85,2025-02-08,65.58
220,99,93,2,2,24.8,2025-06-09,573.91
221,124,8,17,2,1.43,2025-06-10,855.11
222,37,65,13,1,21.8,2024-08-02,112.65
223,24,57,4,2,23.22,2025-02-13,74.94
224,93,67,11,1,10.58,2025-01-14,66.85
225,46,88,7,1,24.74,2024-08-18,241.28
226,181,87,12,4,15.47,2024-11-08,1238.06
227,95,59,10,2,13.9,2025-04-11,47.17
228,99,72,7,2,1.36,2024-12-16,203.91
229,188,54,13,3,8.7,2025-03-04,1226.91
230,116,67,7,4,27.93,2024-10-28,215.52
231,191,51,17,3,11.75,2024-10-25,1283.88
232,160,97,10,4,16.4,2024-07-01,881.98
233,161,92,10,2,15.96,2024-12-15,601.83
234,67,8,4,1,17.71,2025-05-04,356.94
235,128,34,20,1,1.84,2025-01-16,465.97
236,18,35,4,1,10.87,2025-04-17,430.49
237,25,96,7,1,21.69,2024-12-05,195.33
238,54,88,1,1,6.02,2025-02-22,301.29
239,58,78,12,3,6.11,2025-01-11,117.32
240,67,32,13,4,0.3,2024-08-12,356.57
241,104,46,10,2,13.12,2024-10-30,578.53
242,174,16,15,3,26.48,2025-02-01,211.27
243,24,68,13,4,1.56,2025-05-28,1583.27
244,114,37,9,1,5.73,2024-07-27,146.85
245,32,54,9,4,9.3,2024-12-12,1625.13
246,175,85,15,4,21.95,2025-05-10,496.21
247,86,14,10,1,19.22,2024-12-06,88.95
248,151,95,10,1,12.48,2024-10-05,338.38
249,194,55,8,1,22.77,2025-06-11,232.43
250,127,48,16,2,18.29,2025-04-18,428.86
251,155,82,17,1,26.88,2025-04-01,229.25
252,130,7,5,2,24.54,2025-02-02,50.94
253,17,74,4,1,7.58,2025-06-26,377.67
254,104,7,18,2,8.14,2024-10-28,62.01
255,161,33,19,4,3.76,2025-05-22,143.21
256,137,23,4,3,10.11,2024-09-07,403.45
257,43,85,7,4,29.99,2024-08-06,445.1
258,176,19,10,4,12.17,2025-03-08,768.72
259,39,19,18,1,6.61,2025-01-29,204.35
260,170,36,19,2,22.87,2024-07-05,625.0
261,26,29,4,3,16.27,2025-06-23,749.17
262,99,60,10,1,4.49,2025-04-21,158.58
263,50,82,1,1,11.42,2024-08-02,277.72
264,153,2,18,1,12.43,2025-04-01,416.48
265,152,1,5,4,22.61,2024-11-21,589.4
266,13,47,15,2,0.62,2025-06-25,316.62
267,60,69,17,2,8.07,2024-09-30,77.04
268,135,20,3,3,15.53,2025-02-14,377.99
269,57,11,12,2,8.07,2024-11-25,27.93
270,36,2,2,2,18.85,2024-07-05,771.9
271,173,67,1,1,14.46,2024-12-03,63.95
272,20,87,17,1,10.85,2024-12-05,326.43
273,65,12,16,4,28.48,2025-03-24,1387.8
274,8,20,5,1,18.96,2024-12-22,120.88
275,144,5,15,1,3.9,2024-11-24,79.02
276,142,37,3,1,16.8,2025-05-15,129.61
277,115,38,7,1,23.42,2025-04-13,40.86
278,143,94,11,4,21.25,2024-12-19,890.91
279,92,9,10,1,5.16,2025-06-24,286.94
280,98,98,9,3,29.17,2025-06-06,460.32
281,66,53,14,3,13.46,2024-10-23,1220.34
282,32,44,13,3,4.77,2024-10-28,1300.2
283,191,99,2,3,5.41,2025-01-14,49.89
284,86,86,3,1,2.95,2024-09-15,161.07
285,51,24,7,3,24.11,2025-04-06,424.26
286,153,81,18,1,3.66,2025-04-29,416.42
287,186,74,3,4,3.75,2024-11-15,1573.3
288,63,30,10,3,25.51,2024-12-30,62.55
289,190,59,7,2,10.34,2025-01-16,49.12
290,125,87,9,3,0.93,2025-04-05,1088.26
291,150,96,17,3,1.56,2025-06-20,736.62
292,58,81,11,1,4.27,2024-09-11,413.78
293,58,81,7,3,6.4,2024-12-27,1213.73
294,86,14,14,2,19.95,2025-06-04,176.29
295,49,9,19,1,4.72,2024-10-15,288.27
296,180,40,4,1,3.57,2025-02-11,214.92
297,170,66,6,4,22.94,2024-12-24,843.44
298,70,25,10,4,20.13,2025-02-06,737.2
299,15,73,7,3,13.06,2025-06-22,20.16
300,54,22,13,4,16.48,2024-08-19,247.39
301,188,4,14,4,9.36,2024-07-15,1092.54
302,101,26,4,4,14.48,2024-09-30,1346.63
303,8,58,8,1,15.2,2025-05-29,86.5
304,53,29,5,1,11.62,2024-09-17,263.59
305,60,98,1,1,27.2,2024-08-27,157.71
306,108,87,4,4,0.48,2025-04-07,1457.61
307,5,37,3,1,23.47,2025-06-04,119.22
308,103,75,9,4,3.73,2024-11-23,1366.61
309,196,70,8,1,23.93,2025-03-27,375.41
310,6,18,1,1,18.48,2024-12-24,215.82
311,109,85,6,2,25.3,2025-05-17,237.46
312,116,42,9,3,2.93,2025-02-14,728.35
313,94,100,7,4,16.77,2025-01-03,194.46
314,47,41,4,2,15.03,2025-03-01,111.16
315,99,38,13,1,21.19,2025-06-09,42.05
316,55,34,17,4,16.03,2024-08-28,1594.42
317,168,17,2,1,16.22,2025-05-12,130.36
318,52,37,5,3,12.89,2024-12-02,407.1
319,144,25,12,2,9.27,2024-09-23,418.72
320,13,76,8,3,14.47,2024-09-13,938.76
321,114,87,6,2,3.55,2024-10-22,706.32
322,124,86,8,1,28.85,2025-01-23,118.09
323,106,85,18,3,21.43,2024-08-19,374.64
324,158,27,3,3,28.57,2024-10-17,222.52
325,147,57,12,1,6.8,2025-05-31,45.48
326,145,31,3,3,26.38,2024-09-12,675.24
327,120,6,6,4,24.26,2025-04-27,249.09
328,63,91,2,2,20.31,2024-07-10,102.32
329,19,40,12,2,18.75,2024-07-03,362.18
330,92,98,2,2,9.5,2024-08-10,392.1
331,58,12,6,4,24.49,2024-07-05,1465.23
332,183,53,17,2,15.05,2024-08-11,798.61
333,90,71,3,1,2.13,2024-09-16,379.01
334,117,10,2,3,9.39,2024-12-17,966.36
335,62,45,20,4,28.06,2025-02-27,383.01
336,23,17,8,2,25.52,2025-05-28,231.78
337,127,26,12,1,29.46,2025-05-07,277.69
338,137,85,4,3,18.84,2024-09-06,386.99
339,140,92,5,3,7.43,2025-02-21,994.37
340,129,62,13,4,4.88,2025-02-11,530.08
341,58,46,15,4,5.61,2025-01-15,1257.09
342,122,64,16,4,0.59,2025-06-16,722.07
343,1,2,10,1,11.72,2024-12-08,419.86
344,34,54,16,1,5.74,2024-11-26,422.23
345,96,65,12,4,12.35,2024-12-14,505.07
346,126,51,17,2,28.05,2024-08-30,697.83
347,118,53,16,3,12.92,2025-04-16,1227.96
348,48,36,12,3,26.34,2024-11-15,895.32
349,89,26,8,1,18.17,2024-12-05,322.13
350,117,29,20,3,7.41,2025-05-15,828.45
351,129,21,3,2,10.68,2024-08-31,549.98
352,16,11,16,3,2.52,2025-03-23,44.42
353,189,40,13,1,10.0,2025-06-15,200.59
354,192,11,19,1,20.33,2024-08-16,12.1
355,191,36,8,2,2.16,2024-07-04,792.82
356,69,59,5,2,6.16,2025-05-27,51.41
357,22,39,20,3,11.44,2024-10-13,913.14
358,93,99,8,3,29.46,2024-11-15,37.2
359,195,54,12,1,23.55,2024-08-23,342.45
360,76,98,1,2,22.0,2024-11-24,337.94
361,154,55,20,2,3.49,2025-04-15,580.91
362,144,24,6,2,23.43,2024-12-01,285.38
363,179,22,18,3,23.56,2024-11-05,169.81
364,86,69,8,2,18.03,2024-07-12,68.69
365,185,56,7,1,29.71,2025-04-03,324.27
366,29,33,1,1,9.76,2024-07-11,33.57
367,69,36,16,3,28.24,2024-08-19,872.23
368,47,20,12,4,27.44,2024-07-11,432.92
369,94,83,6,3,0.34,2024-10-25,504.65
370,190,99,20,4,13.5,2025-05-10,60.83
371,197,81,2,2,29.31,2024-12-16,611.1
372,144,62,14,3,3.09,2024-07-08,405.05
373,176,98,4,1,16.43,2025-02-12,181.04
374,85,73,1,2,29.37,2025-02-21,10.92
375,39,26,18,1,16.66,2025-06-03,328.08
376,100,66,13,2,5.69,2025-03-08,516.12
377,33,73,2,3,17.47,2024-09-09,19.14
378,101,73,9,4,6.13,2024-12-08,29.02
379,23,40,2,2,15.59,2024-12-22,376.27
380,10,17,9,4,2.22,2025-06-08,608.58
381,69,1,1,2,18.16,2024-08-14,311.65
382,100,89,11,1,15.5,2024-11-13,375.32
383,34,61,3,1,22.2,2024-09-11,153.58
384,180,43,20,2,18.92,2024-10-30,35.71
385,138,42,4,4,16.49,2025-04-04,835.47
386,147,25,18,3,20.69,2025-04-26,549.02
387,186,39,6,3,4.32,2025-03-12,986.56
388,96,35,3,1,17.86,2024-11-16,396.73
389,1,3,11,3,5.16,2025-03-20,1045.16
390,69,44,15,1,27.77,2024-12-31,328.73
391,4,51,5,3,2.05,2025-05-07,1425.0
392,16,94,20,2,12.91,2025-01-09,492.63
393,24,98,10,1,20.87,2024-08-28,171.42
394,80,12,12,1,13.74,2025-01-15,418.46
395,2,19,15,2,2.76,2025-05-30,425.54
396,128,44,17,1,16.6,2025-01-22,379.56
397,160,59,10,3,19.25,2024-09-10,66.35
398,84,49,6,3,21.11,2024-08-26,652.31
399,152,61,18,1,11.2,2024-09-09,175.29
400,140,17,13,3,16.91,2024-11-25,387.86
401,178,74,3,4,13.52,2024-11-16,1413.6
402,163,57,10,1,20.16,2024-08-13,38.96
403,124,55,14,2,17.51,2024-10-31,496.52
404,33,47,6,4,15.77,2025-04-17,536.71
405,161,12,3,1,7.49,2024-09-04,448.78
406,189,62,16,2,0.06,2024-10-23,278.47
407,179,80,7,3,5.22,2025-06-14,177.31
408,171,88,20,2,3.51,2024-12-27,618.67
409,101,83,14,4,13.47,2024-09-18,584.22
410,12,8,9,3,18.37,2025-03-28,1062.23
411,67,95,15,1,6.39,2024-07-06,361.92
412,65,21,3,3,28.17,2024-08-12,663.43
413,161,81,2,1,0.2,2025-03-08,431.38
414,168,87,2,1,23.17,2024-07-09,281.32
415,74,80,3,2,18.76,2025-04-16,101.32
416,43,70,18,2,11.21,2025-06-28,876.38
417,44,72,14,2,1.51,2024-10-21,203.6
418,29,25,20,4,18.82,2024-07-11,749.29
419,141,82,18,4,11.57,2024-07-01,1109.02
420,12,89,10,2,28.09,2025-03-01,638.81
421,95,12,2,4,16.26,2025-04-17,1624.92
422,46,15,1,3,28.19,2025-05-30,204.66
423,130,59,4,3,6.61,2024-08-06,76.74
424,35,26,14,4,21.77,2025-06-14,1231.84
425,81,26,1,4,18.52,2024-08-30,1283.02
426,90,47,14,3,22.18,2025-02-03,371.9
427,8,32,16,1,6.44,2024-11-05,83.65
428,93,10,14,3,19.95,2025-04-16,853.73
429,154,16,20,3,14.94,2024-10-24,244.44
430,90,71,3,4,22.28,2024-09-26,1203.91
431,162,17,3,3,9.81,2025-02-13,421.01
432,115,23,9,4,26.7,2025-02-12,438.66
433,105,26,6,4,2.53,2025-01-10,1534.8
434,135,85,13,2,24.22,2025-03-09,240.89
435,196,86,2,3,25.84,2025-03-13,369.25
436,58,7,8,1,24.52,2024-11-05,25.47
437,114,14,2,2,15.38,2024-11-23,186.35
438,75,79,4,4,13.15,2024-12-12,633.8
439,157,7,15,4,29.89,2024-07-09,94.65
440,120,9,4,1,6.88,2025-04-11,281.73
441,164,48,13,4,16.41,2024-06-30,877.46
442,21,72,12,3,20.12,2025-06-19,247.69
443,164,59,13,2,21.03,2025-03-16,43.26
444,138,87,14,4,6.12,2025-05-10,1375.0
445,101,93,20,4,19.62,2024-12-20,1226.89
446,152,82,18,1,24.55,2024-11-30,236.56
447,192,95,6,3,1.5,2024-11-06,1142.49
448,177,94,11,4,27.35,2024-09-21,821.9
449,99,39,2,1,0.89,2025-06-17,340.64
450,36,99,19,4,10.68,2024-12-27,62.81
451,96,18,19,1,0.47,2024-08-26,263.51
452,152,59,5,1,2.31,2024-12-15,26.76
453,151,17,19,3,27.34,2024-08-22,339.18
454,190,14,2,4,10.65,2024-10-18,393.53
455,37,31,10,3,12.74,2025-03-25,800.34
456,12,24,2,1,6.46,2024-11-05,174.31
457,113,99,11,2,17.91,2025-06-13,28.86
458,183,60,18,4,17.84,2025-03-22,545.67
459,13,45,15,2,11.17,2025-05-23,236.47
460,23,98,9,4,9.99,2024-07-29,779.95
461,99,3,19,3,26.55,2025-02-04,809.43
462,105,37,9,3,11.5,2024-09-26,413.6
463,30,43,3,3,14.81,2024-08-26,56.28
464,17,40,9,3,8.5,2024-09-02,611.81
465,113,90,14,3,23.6,2024-10-20,547.22
466,62,55,19,2,11.92,2025-01-22,530.17
467,84,87,7,3,15.41,2025-03-20,929.2
468,112,39,16,1,7.6,2025-02-12,317.58
469,86,15,16,1,29.63,2025-02-06,66.85
470,141,4,1,2,8.74,2024-11-09,550.01
471,187,93,4,4,23.12,2025-05-18,1173.47
472,19,86,4,1,12.82,2025-04-02,144.69
473,177,25,7,4,6.19,2025-01-03,865.87
474,100,13,8,2,23.99,2024-07-27,634.01
475,140,82,17,4,10.01,2024-11-17,1128.58
476,189,33,5,4,25.96,2024-07-30,110.17
477,147,16,7,4,27.46,2024-12-24,277.94
478,76,42,20,4,25.79,2025-02-21,742.43
479,9,66,20,2,1.05,2024-08-01,541.51
480,199,55,4,1,23.62,2024-12-20,229.87
481,28,99,6,3,12.34,2025-03-03,46.23
482,128,42,7,4,26.21,2024-12-03,738.22
483,52,34,18,1,19.14,2025-05-02,383.84
484,83,30,5,1,25.01,2024-12-06,20.99
485,111,13,20,2,14.98,2024-07-26,709.17
486,144,13,3,1,16.05,2024-07-07,350.12
487,117,18,7,2,4.33,2025-04-15,506.57
488,69,32,14,4,23.52,2024-11-14,273.52
489,99,96,7,4,12.58,2025-06-17,872.21
490,140,99,5,3,15.0,2025-02-03,44.83
491,25,39,5,3,23.55,2024-09-24,788.28
492,180,46,2,3,17.97,2024-07-13,819.36
493,123,29,6,1,6.03,2024-08-28,280.27
494,53,62,15,4,17.71,2024-12-19,458.59
495,151,93,10,2,12.23,2025-02-05,669.84
496,144,62,7,3,14.09,2025-06-21,359.07
497,57,57,5,2,0.85,2025-02-04,96.77
498,39,16,1,2,6.3,2025-02-12,179.51
499,109,56,13,3,8.43,2025-04-09,1267.32
500,181,10,18,4,21.39,2024-12-31,1117.83
501,42,30,13,3,0.34,2025-02-10,83.68
502,186,25,18,2,12.26,2025-01-17,404.92
503,167,84,5,3,27.72,2025-01-29,79.06
504,142,5,13,2,3.36,2024-08-16,158.93
505,122,65,4,2,15.49,2025-01-05,243.49
506,133,94,17,3,23.6,2024-08-22,648.25
507,163,49,3,1,28.28,2024-11-13,197.67
508,75,3,17,3,22.4,2024-07-04,855.17
509,146,45,11,1,21.62,2024-11-18,104.32
510,76,14,20,2,24.79,2025-04-26,165.63
511,9,30,4,2,13.39,2024-12-27,48.48
512,74,68,2,1,24.18,2024-11-06,304.86
513,186,18,20,2,0.24,2025-03-01,528.23
514,145,62,16,1,27.74,2024-12-26,100.67
515,7,37,18,1,13.3,2024-07-10,135.06
516,174,25,8,2,16.6,2025-01-29,384.89
517,141,48,3,4,7.65,2024-07-21,969.42
518,168,65,9,1,22.28,2025-05-21,111.96
519,170,53,20,3,2.3,2025-04-01,1377.72
520,137,79,6,3,26.18,2024-08-22,404.03
521,178,73,10,2,24.84,2025-03-09,11.62
522,27,15,10,4,6.48,2025-06-18,355.38
523,122,49,13,2,24.28,2025-03-21,417.4
524,194,88,17,4,23.59,2025-01-18,979.85
525,5,68,9,1,18.97,2024-12-12,325.81
526,29,12,17,1,11.21,2025-06-13,430.73
527,165,59,9,1,8.14,2024-07-03,25.16
528,166,37,9,1,6.95,2025-02-17,144.95
529,83,61,1,3,9.56,2024-12-10,535.59
530,136,43,2,3,27.11,2025-04-10,48.15
531,109,70,16,2,2.33,2025-06-01,964.02
532,65,39,1,4,24.87,2025-05-24,1032.89
533,86,56,10,1,10.47,2025-06-16,413.03
534,145,63,18,1,15.65,2025-04-25,350.25
535,71,46,8,4,23.83,2025-01-13,1014.43
536,45,88,11,4,26.53,2025-03-03,942.15
537,132,11,2,2,10.34,2025-05-06,27.24
538,36,62,8,4,13.86,2024-10-05,480.04
539,70,77,8,1,12.44,2025-03-21,338.66
540,159,98,17,1,0.4,2025-05-15,215.76
541,19,25,15,1,8.88,2024-07-14,210.26
542,189,71,17,1,13.78,2024-12-08,333.9
543,108,52,13,1,12.33,2024-08-17,340.76
544,182,4,19,2,21.66,2024-08-24,472.14
545,167,59,5,1,11.54,2024-11-13,24.23
546,91,72,12,2,14.68,2024-09-10,176.37
547,90,20,1,1,12.89,2025-05-14,129.93
548,19,93,5,3,22.22,2024-07-07,890.4
549,39,63,8,3,25.89,2025-06-05,923.18
550,126,54,13,3,15.96,2025-02-16,1129.35
551,195,74,8,3,23.68,2025-05-23,935.65
552,173,98,11,2,8.9,2024-07-04,394.7
553,141,57,1,2,16.24,2024-08-09,81.75
554,126,90,13,4,10.36,2024-08-24,856.06
555,58,41,19,1,12.43,2024-11-15,57.28
556,148,3,3,3,21.97,2024-10-25,859.91
557,200,6,17,2,26.45,2024-07-25,120.95
558,61,5,5,1,3.64,2025-02-01,79.24
559,127,5,20,1,19.04,2025-02-09,66.57
560,105,54,8,2,17.46,2024-09-27,739.46
561,167,47,14,3,3.55,2024-10-30,460.93
562,1,87,4,4,6.36,2024-09-25,1371.49
563,131,49,11,1,9.33,2025-04-27,249.9
564,92,9,20,4,5.01,2025-01-25,1149.57
565,190,99,15,3,7.31,2024-07-27,48.88
566,191,20,19,3,8.03,2024-08-12,411.55
567,113,61,7,4,10.07,2024-08-22,710.09
568,153,35,19,3,22.48,2024-09-15,1123.24
569,56,50,19,1,17.16,2024-07-21,79.94
570,161,82,11,4,29.59,2024-07-15,883.03
571,166,62,5,3,12.44,2024-08-25,365.97
572,117,17,5,4,22.62,2024-10-25,481.61
573,134,88,8,1,26.14,2024-09-30,236.79
574,58,3,10,3,20.37,2025-02-14,877.54
575,44,32,6,1,12.36,2025-06-06,78.36
576,173,99,15,3,22.61,2025-02-24,40.82
577,160,13,16,2,6.11,2025-03-14,783.16
578,173,89,17,3,9.83,2025-01-22,1201.52
579,61,73,8,4,16.4,2025-05-12,25.85
580,47,68,8,3,17.26,2024-10-25,998.07
581,149,14,9,1,0.66,2024-09-04,109.38
582,80,98,2,1,28.35,2025-05-09,155.22
583,118,11,15,3,20.9,2025-05-20,36.05
584,164,56,18,4,14.87,2025-01-04,1570.92
585,147,67,3,2,27.99,2025-02-19,107.67
586,20,92,17,4,13.17,2024-11-30,1243.61
587,185,29,4,2,29.41,2024-09-26,421.07
588,146,9,4,1,15.37,2025-01-30,256.05
589,47,67,14,4,3.43,2025-06-01,288.78
590,49,25,9,2,22.94,2024-08-07,355.63
591,14,98,9,3,20.37,2025-06-07,517.51
592,143,76,18,1,23.19,2024-08-05,281.02
593,159,42,10,3,28.54,2025-04-18,536.19
594,1,9,4,1,23.29,2024-10-24,232.09
595,117,79,12,4,18.34,2025-04-25,595.92
596,54,40,8,4,25.72,2025-03-03,662.22
597,118,25,2,1,20.2,2024-10-12,184.14
598,3,5,13,1,12.24,2025-02-01,72.17
599,144,11,16,1,26.57,2025-02-13,11.15
600,185,59,2,4,6.66,2025-06-02,102.26
601,12,98,11,2,21.44,2024-12-06,340.37
602,74,88,10,3,26.45,2024-12-10,707.38
603,16,79,15,3,21.94,2024-12-22,427.24
604,200,38,17,4,20.92,2024-07-05,168.76
605,102,72,8,3,22.58,2025-05-19,240.06
606,152,5,18,1,13.95,2025-02-03,70.76
607,156,48,9,2,26.23,2024-07-09,387.19
608,117,90,8,3,6.1,2025-01-02,672.56
609,8,18,14,2,3.82,2025-06-27,509.27
610,122,70,18,1,8.57,2025-04-20,451.22
611,92,37,20,3,15.95,2024-09-21,392.8
612,164,60,20,4,15.32,2024-08-04,562.41
613,90,48,12,2,24.62,2024-11-16,395.64
614,136,77,19,1,12.14,2024-10-01,339.82
615,186,28,14,2,14.53,2024-08-19,443.67
616,60,69,17,3,0.4,2024-10-07,125.2
617,178,77,3,3,12.29,2024-08-27,1017.73
618,28,81,7,4,19.43,2025-04-11,1393.02
619,101,40,17,1,0.47,2025-01-04,221.83
620,41,45,12,1,8.43,2025-06-26,121.88
621,192,96,9,4,6.24,2024-07-10,935.46
622,155,62,15,4,1.26,2024-07-21,550.26
623,191,93,18,1,14.38,2025-02-23,326.72
624,145,58,13,2,5.45,2024-10-29,192.9
625,161,67,8,2,22.29,2024-10-29,116.19
626,157,56,14,4,25.44,2024-11-06,1375.87
627,141,40,8,2,16.37,2024-11-17,372.79
628,46,98,14,1,29.45,2025-02-18,152.83
629,35,40,7,3,13.51,2024-07-13,578.31
630,134,91,12,3,15.4,2025-06-08,162.94
631,82,77,11,2,29.68,2024-10-29,543.97
632,115,33,11,4,6.95,2025-03-18,138.46
633,197,6,13,4,28.28,2024-08-21,235.87
634,47,88,18,4,1.29,2025-03-23,1265.82
635,153,19,2,4,13.39,2024-12-09,758.05
636,194,80,15,4,2.1,2024-08-08,244.2
637,10,40,20,2,21.88,2024-11-10,348.23
638,56,92,18,3,18.25,2024-08-25,878.14
639,30,97,15,3,21.2,2024-12-15,623.5
640,109,59,19,2,11.23,2025-04-27,48.63
641,5,59,12,4,11.08,2024-08-18,97.42
642,119,48,13,2,1.36,2025-01-07,517.72
643,33,41,11,3,10.5,2024-08-21,175.63
644,118,13,5,1,27.88,2024-09-30,300.78
645,65,45,1,2,11.38,2025-04-24,235.91
646,146,89,3,4,24.94,2025-04-29,1333.58
647,177,53,19,3,25.27,2025-05-26,1053.81
648,11,42,7,3,11.2,2025-04-15,666.29
649,85,100,12,3,18.96,2024-09-12,142.01
650,26,63,15,3,2.86,2025-01-29,1210.06
651,63,27,5,4,3.11,2024-07-13,402.44
652,86,38,15,1,1.46,2024-09-03,52.57
653,59,60,8,3,17.43,2024-07-07,411.3
654,27,7,10,2,12.78,2024-10-14,58.87
655,177,5,16,1,16.44,2025-06-14,68.71
656,161,45,8,3,15.63,2024-07-11,336.89
657,98,58,1,1,10.51,2024-10-23,91.29
658,105,31,12,2,20.32,2024-10-14,487.21
659,99,23,5,3,22.76,2024-07-15,346.68
660,129,42,3,2,0.44,2024-09-22,498.02
661,149,10,1,4,6.22,2025-03-21,1333.55
662,55,32,4,3,21.4,2025-03-14,210.83
663,6,53,8,3,11.6,2025-03-12,1246.57
664,197,30,3,3,19.87,2025-05-17,67.29
665,95,39,10,3,10.41,2025-06-23,923.76
666,133,31,2,4,11.72,2024-12-24,1079.59
667,102,82,11,3,4.76,2025-02-15,895.82
668,3,100,10,1,7.75,2025-05-16,53.88
669,181,2,14,3,18.16,2025-05-08,1167.69
670,23,78,7,4,12.99,2025-04-22,144.96
671,53,77,2,3,23.23,2024-11-29,890.79
672,165,93,9,1,25.58,2024-09-24,283.98
673,83,12,16,4,16.25,2025-01-27,1625.12
674,145,39,13,4,22.75,2024-08-14,1062.03
675,85,66,9,1,9.21,2024-07-03,248.43
676,78,96,20,1,12.45,2024-10-27,218.38
677,110,13,4,1,21.38,2024-10-10,327.89
678,1,46,10,1,11.59,2025-06-19,294.36
679,51,27,12,1,17.66,2024-09-09,85.5
680,173,17,17,4,5.56,2025-05-24,587.79
681,4,95,14,4,17.99,2025-06-02,1268.3
682,190,98,14,3,25.85,2024-10-18,481.89
683,193,60,2,3,26.06,2025-03-31,368.31
684,113,64,20,2,21.73,2024-09-10,284.26
685,32,88,11,3,22.37,2025-02-09,746.62
686,34,35,16,3,16.74,2024-11-28,1206.41
687,92,70,19,1,17.54,2025-05-17,406.95
688,95,83,6,1,4.01,2024-10-23,162.02
689,72,30,19,3,13.32,2024-09-23,72.79
690,39,71,5,2,13.52,2024-07-07,669.8
691,154,74,4,1,28.75,2025-05-13,291.16
692,162,96,15,3,12.93,2025-02-04,651.54
693,182,98,4,3,16.48,2025-02-01,542.79
694,118,63,20,4,16.0,2024-12-06,1395.17
695,3,28,10,2,19.1,2025-03-21,419.95
696,123,60,3,4,22.45,2025-03-21,515.06
697,50,79,5,2,6.75,2024-11-29,340.25
698,12,94,6,1,15.86,2025-03-27,237.97
699,193,37,8,2,24.78,2024-08-11,234.36
700,54,93,7,3,13.89,2024-10-21,985.76
701,133,22,10,3,8.35,2025-04-24,203.6
702,57,68,6,2,19.64,2025-02-24,646.24
703,145,20,14,2,24.71,2025-01-25,224.61
704,112,96,4,2,1.89,2025-03-03,489.43
705,47,100,13,4,23.3,2025-04-25,179.2
706,151,68,20,2,24.65,2024-07-20,605.95
707,85,91,17,1,13.85,2024-10-29,55.31
708,142,64,7,4,29.5,2024-08-12,512.08
709,66,17,4,4,23.6,2025-01-14,475.51
710,75,12,14,2,23.21,2025-03-09,745.03
711,179,22,3,1,22.44,2025-02-21,57.43
712,103,17,5,4,4.52,2025-04-11,594.27
713,166,10,16,3,6.52,2025-06-20,996.96
714,192,65,20,4,13.92,2024-07-07,496.03
715,38,22,4,2,7.92,2024-08-18,136.37
716,50,90,2,1,12.46,2024-12-15,209.0
717,98,82,18,2,26.65,2024-09-08,459.95
718,82,50,19,3,24.73,2024-12-26,217.91
719,30,14,19,3,18.9,2024-08-31,267.9
720,79,64,17,3,25.74,2024-10-18,404.55
721,91,47,14,2,23.51,2024-08-29,243.7
722,179,29,19,4,12.87,2025-04-14,1039.46
723,191,76,13,2,6.03,2024-10-22,687.6
724,52,36,12,1,15.43,2025-02-17,342.64
725,166,99,6,4,22.09,2025-05-26,54.79
726,79,52,4,3,13.09,2024-12-18,1013.43
727,30,76,19,2,20.0,2024-10-11,585.38
728,106,7,16,3,2.83,2025-03-09,98.38
729,51,29,13,3,22.44,2025-06-22,693.97
730,81,11,4,1,24.38,2025-04-04,11.49
731,133,33,17,4,21.21,2024-07-12,117.24
732,29,6,1,1,29.02,2025-06-13,58.36
733,132,79,18,1,24.8,2025-03-23,137.19
734,138,32,20,1,27.09,2024-08-12,65.19
735,184,51,17,3,28.01,2025-05-14,1047.32
736,145,75,15,1,24.04,2025-01-25,269.57
737,74,58,11,1,20.23,2024-12-01,81.37
738,17,87,13,4,0.17,2024-09-05,1462.15
739,84,26,1,4,13.97,2024-10-03,1354.66
740,69,98,17,1,17.13,2024-08-21,179.52
741,34,46,6,4,9.12,2024-11-21,1210.34
742,6,98,4,4,9.54,2025-05-03,783.85
743,53,29,20,1,28.83,2024-11-15,212.26
744,194,4,16,3,26.75,2024-09-06,662.19
745,126,81,15,1,25.48,2024-11-04,322.11
746,43,99,15,4,12.18,2025-03-07,61.76
747,115,13,6,3,0.41,2025-06-03,1246.05
748,111,39,15,2,2.41,2024-09-20,670.83
749,151,15,14,3,9.37,2024-09-18,258.3
750,183,29,11,4,0.47,2025-04-10,1187.39
751,80,29,7,3,0.51,2025-06-16,890.19
752,95,75,9,1,27.5,2025-04-07,257.3
753,118,32,16,2,21.18,2025-01-25,140.95
754,144,2,5,2,9.27,2024-08-04,863.02
755,8,47,20,2,3.98,2025-02-21,305.92
756,132,78,10,4,15.35,2025-02-28,141.03
757,104,84,18,4,0.16,2025-01-21,145.61
758,132,22,3,2,28.15,2025-01-21,106.41
759,184,75,13,3,12.44,2024-10-24,932.23
760,25,27,11,2,12.07,2024-08-04,182.61
761,195,67,17,3,11.72,2025-04-14,197.99
762,96,81,13,3,2.08,2025-05-06,1269.75
763,195,56,6,4,19.15,2024-12-05,1491.94
764,155,92,17,3,21.99,2025-06-13,837.97
765,93,93,13,2,20.28,2025-03-13,608.41
766,160,21,19,4,4.15,2024-11-12,1180.37
767,178,47,19,1,17.37,2024-12-23,131.63
768,61,80,10,1,17.08,2024-10-04,51.71
769,122,59,3,4,26.05,2024-12-29,81.02
770,51,84,14,2,11.37,2024-08-08,64.63
771,147,6,19,1,11.14,2024-12-26,73.06
772,21,19,5,1,18.56,2024-09-02,178.2
773,5,57,5,3,18.99,2025-04-18,118.6
774,92,69,20,3,14.08,2024-07-17,108.0
775,170,3,17,2,13.29,2024-09-05,637.04
776,61,1,10,4,14.82,2025-04-09,648.73
777,22,58,5,2,25.83,2025-04-05,151.32
778,149,38,4,4,13.84,2024-10-17,183.87
779,70,15,6,1,28.2,2024-11-17,68.21
780,1,34,4,3,15.12,2024-06-28,1208.78
781,133,61,7,2,28.48,2024-10-22,282.36
782,12,35,7,2,24.98,2025-05-01,724.68
783,90,64,18,4,10.87,2025-05-06,647.4
784,46,25,3,4,25.91,2025-01-08,683.85
785,34,24,1,2,3.3,2024-07-08,360.4
786,177,12,4,4,27.75,2025-06-06,1401.97
787,78,18,6,2,18.95,2024-08-25,429.16
788,45,15,9,2,1.63,2024-07-26,186.9
789,155,80,14,2,19.33,2024-07-31,100.61
790,73,27,12,1,29.23,2025-05-06,73.49
791,26,72,20,4,2.09,2024-07-08,404.8
792,47,60,4,3,16.64,2024-08-28,415.23
793,121,46,12,3,22.43,2024-09-29,774.81
794,56,89,10,4,24.31,2025-02-14,1344.77
795,94,17,7,2,12.41,2025-03-16,272.58
796,107,93,3,3,6.12,2025-05-03,1074.71
797,63,53,14,3,1.27,2025-06-14,1392.24
798,48,8,10,4,17.39,2025-04-25,1433.32
799,61,79,16,3,13.59,2024-08-13,472.94
800,81,27,16,2,28.46,2025-02-07,148.57
801,26,46,10,4,1.82,2025-04-28,1307.56
802,36,50,13,2,20.56,2024-09-04,153.32
803,1,71,6,3,0.75,2024-07-14,1153.07
804,8,3,12,3,5.14,2024-07-09,1045.38
805,113,93,9,2,13.61,2025-01-28,659.31
806,99,64,13,1,13.65,2024-09-09,156.8
807,180,44,4,3,20.57,2024-08-18,1084.48
808,47,53,11,1,27.31,2025-02-21,341.68
809,127,24,20,3,19.17,2025-02-08,451.88
810,56,60,18,1,28.61,2025-04-19,118.54
811,14,3,11,1,26.45,2024-09-14,270.18
812,28,20,4,1,17.53,2025-04-01,123.01
813,78,46,18,2,25.01,2024-07-13,499.36
814,130,15,1,1,19.28,2024-12-03,76.68
815,109,25,7,1,2.36,2024-09-19,225.3
816,154,94,6,1,22.22,2025-05-03,219.99
817,14,78,15,3,2.85,2025-01-20,121.39
818,187,71,18,1,17.82,2025-03-09,318.25
819,56,17,11,3,21.08,2025-04-09,368.4
820,115,84,20,1,2.0,2025-02-23,35.73
821,7,100,15,1,6.92,2024-09-20,54.37
822,3,9,16,2,27.47,2024-07-07,438.88
823,111,38,7,3,18.49,2025-01-15,130.46
824,151,48,10,1,7.39,2024-12-02,243.04
825,107,60,12,3,20.72,2025-02-17,394.91
826,18,63,14,3,17.9,2024-07-09,1022.71
827,38,86,5,4,15.05,2024-11-06,563.97
828,115,2,18,2,29.29,2024-12-24,672.59
829,15,88,5,2,20.5,2025-05-19,509.74
830,192,72,3,2,11.26,2024-07-19,183.44
831,119,11,5,4,24.0,2025-05-12,46.18
832,28,64,17,4,26.54,2025-04-14,533.58
833,39,77,19,2,3.76,2025-05-08,744.47
834,185,81,19,4,6.02,2025-05-22,1624.88
835,17,72,12,4,6.49,2024-07-16,386.61
836,86,21,9,4,20.74,2025-03-11,976.07
837,126,18,1,2,18.09,2025-05-24,433.71
838,44,94,18,2,18.57,2025-02-25,460.62
839,25,64,4,2,28.22,2025-04-12,260.69
840,145,82,10,4,23.28,2024-11-22,962.16
841,13,95,7,2,3.84,2024-11-01,743.57
842,25,38,1,4,10.43,2024-09-19,191.14
843,68,32,17,1,13.06,2024-09-09,77.73
844,138,11,2,4,11.88,2024-08-10,53.54
845,67,45,11,3,20.08,2025-06-13,319.12
846,109,89,9,2,26.76,2024-07-17,650.62
847,146,33,7,2,9.18,2025-01-11,67.57
848,111,41,17,3,16.56,2025-03-03,163.73
849,111,8,17,4,23.68,2024-11-27,1324.18
850,34,11,2,1,12.49,2025-01-31,13.29
851,111,86,6,3,5.04,2024-12-17,472.82
852,8,51,14,3,14.25,2025-05-07,1247.51
853,168,88,6,4,1.66,2025-05-31,1261.07
854,113,41,2,2,28.27,2024-07-31,93.84
855,83,17,1,4,2.24,2025-02-02,608.46
856,42,76,10,3,13.15,2024-09-25,953.25
857,169,46,5,3,15.9,2025-01-26,840.03
858,101,32,2,2,29.56,2024-08-16,125.96
859,6,79,16,2,4.98,2025-05-10,346.71
860,180,80,2,2,3.43,2024-09-09,120.44
861,26,54,10,4,0.26,2024-11-28,1787.1
862,64,86,2,2,4.67,2025-04-04,316.44
863,187,92,16,3,6.22,2025-05-15,1007.37
864,184,20,16,3,18.92,2025-03-28,362.82
865,59,33,19,1,6.59,2025-02-08,34.75
866,109,74,7,4,0.62,2024-08-06,1624.47
867,198,40,12,1,24.8,2024-08-08,167.61
868,121,32,15,3,10.97,2024-11-22,238.81
869,33,97,8,1,10.61,2025-03-30,235.77
870,181,2,6,3,9.07,2025-06-10,1297.39
871,150,97,10,1,29.26,2025-05-03,186.58
872,21,33,3,2,5.1,2024-12-13,70.61
873,198,77,19,1,26.95,2025-04-09,282.54
874,70,30,17,2,23.3,2025-03-09,42.94
875,112,33,7,2,2.29,2025-06-04,72.7
876,4,77,20,4,29.6,2025-01-19,1089.17
877,94,26,4,2,8.14,2025-01-02,723.23
878,75,22,14,2,2.96,2024-09-05,143.72
879,190,66,20,1,24.88,2024-07-26,205.55
880,62,38,15,3,21.2,2024-07-25,126.12
881,94,90,8,4,18.52,2025-02-04,778.13
882,95,46,15,2,4.68,2025-05-01,634.74
883,152,15,20,4,14.35,2024-09-26,325.47
884,55,98,14,1,23.42,2024-08-20,165.9
885,137,44,9,2,9.11,2024-09-07,827.3
886,131,49,8,1,9.35,2025-01-06,249.85
887,31,75,17,4,0.09,2024-12-21,1418.28
888,40,61,2,1,5.23,2025-06-18,187.08
889,36,67,3,4,26.26,2024-07-28,220.51
890,152,6,8,1,13.25,2024-11-20,71.33
891,6,9,12,4,29.53,2025-01-27,852.83
892,66,6,1,3,11.87,2024-08-01,217.38
893,75,73,10,1,21.46,2024-09-12,6.07
894,4,95,20,1,8.46,2025-03-16,353.92
895,79,32,3,3,10.91,2025-03-28,238.97
896,134,41,6,3,5.72,2024-11-09,185.01
897,118,76,7,1,10.41,2025-03-26,327.77
898,113,8,20,3,16.42,2025-02-25,1087.61
899,94,72,18,2,29.75,2025-01-28,145.22
900,179,50,11,4,19.93,2025-03-07,309.07
901,62,92,19,4,5.98,2025-05-25,1346.59
902,185,62,5,4,1.35,2025-01-06,549.76
903,194,84,19,2,3.79,2025-05-27,70.16
904,79,62,11,3,16.88,2025-05-23,347.41
905,136,7,12,3,22.95,2024-07-19,78.01
906,26,75,10,1,28.21,2024-10-31,254.78
907,179,84,8,3,0.47,2025-04-24,108.87
908,173,80,9,1,15.68,2024-07-30,52.58
909,44,4,4,2,14.13,2024-09-22,517.52
910,133,6,5,4,19.68,2024-11-06,264.16
911,70,58,8,4,16.79,2024-07-27,339.53
912,154,22,9,4,20.61,2025-06-21,235.15
913,118,26,15,3,19.74,2025-04-10,947.85
914,68,3,15,1,3.51,2024-09-02,354.45
915,19,41,16,1,23.99,2025-05-03,49.72
916,20,60,14,2,3.7,2025-02-03,319.79
917,113,14,8,3,20.96,2025-04-27,261.09
918,140,75,18,2,12.48,2025-02-01,621.2
919,47,82,10,1,15.42,2024-12-17,265.18
920,1,12,20,1,27.1,2024-07-14,353.65
921,90,87,6,4,26.7,2025-04-21,1073.58
922,142,12,12,3,24.54,2024-09-25,1098.19
923,64,13,2,1,15.3,2025-02-09,353.25
924,38,25,7,4,22.09,2024-10-21,719.11
925,37,45,16,3,15.39,2024-08-08,337.85
926,126,19,3,2,26.09,2024-11-29,323.44
927,139,55,13,3,12.08,2024-08-02,793.81
928,100,100,3,3,29.11,2024-11-22,124.22
929,77,45,18,1,27.97,2025-04-02,95.87
930,3,8,11,1,22.25,2024-10-18,337.25
931,161,93,8,3,8.38,2025-04-26,1048.84
932,134,53,6,1,3.95,2025-01-30,451.48
933,178,55,1,1,25.64,2025-04-07,223.79
934,10,32,1,1,4.96,2025-02-24,84.98
935,5,51,8,4,25.63,2025-05-25,1442.6
936,151,44,5,4,14.72,2024-11-10,1552.47
937,138,82,16,3,12.2,2025-01-06,825.84
938,172,70,11,1,27.1,2025-02-16,359.77
939,130,18,5,4,18.12,2025-05-17,867.11
940,13,83,4,3,17.3,2025-02-04,418.77
941,168,22,6,1,16.76,2025-05-28,61.64
942,130,37,14,2,11.14,2024-11-05,276.85
943,84,96,19,1,23.57,2025-01-07,190.64
944,65,56,9,1,7.58,2025-02-12,426.36
945,63,59,12,4,28.17,2025-05-18,78.7
946,101,3,11,3,26.82,2025-01-24,806.46
947,73,28,14,3,10.12,2024-08-20,699.85
948,17,74,16,4,21.88,2024-12-31,1276.95
949,9,35,1,1,17.2,2024-07-31,399.92
950,143,61,13,2,10.13,2025-06-07,354.81
951,152,93,13,1,29.66,2025-05-19,268.41
952,38,54,2,1,0.76,2024-07-21,444.54
953,163,63,4,2,7.58,2024-10-18,767.51
954,94,79,6,4,15.6,2024-09-12,615.92
955,95,97,5,3,15.66,2024-11-27,667.34
956,49,7,3,4,17.67,2024-08-05,111.15
957,69,76,1,4,22.55,2024-11-02,1133.43
958,62,49,4,1,18.7,2025-05-18,224.08
959,188,94,20,3,18.01,2024-12-11,695.68
960,178,85,2,3,1.61,2025-01-25,469.14
961,78,31,5,4,11.3,2024-11-13,1084.73
962,117,58,3,2,6.96,2024-08-21,189.82
963,120,61,9,4,7.96,2024-07-13,726.75
964,137,24,20,2,16.63,2025-05-24,310.72
965,162,20,6,3,5.99,2025-06-26,420.68
966,76,37,18,4,8.82,2025-02-20,568.16
967,35,4,6,1,7.11,2024-11-20,279.91
968,1,92,19,4,28.46,2025-04-10,1024.62
969,40,20,12,3,28.34,2024-12-30,320.66
970,64,60,11,1,18.3,2024-08-20,135.65
971,150,24,2,1,27.74,2025-03-28,134.66
972,60,50,15,2,23.57,2025-04-01,147.51
973,64,49,12,1,17.7,2025-02-14,226.84
974,93,51,12,1,0.19,2024-12-25,484.02
975,72,96,9,4,23.18,2024-11-14,766.45
976,11,36,2,3,21.07,2024-08-02,959.38
977,105,98,3,2,18.46,2025-04-11,353.28
978,14,100,12,4,22.81,2024-11-29,180.35
979,60,66,16,1,15.39,2024-08-14,231.52
980,30,79,1,1,21.12,2025-03-30,143.91
981,35,34,3,2,28.06,2024-10-15,683.0
982,165,36,20,3,11.27,2024-07-12,1078.5
983,5,6,2,2,21.24,2024-10-05,129.51
984,83,39,9,4,14.27,2025-04-14,1178.62
985,123,42,19,2,20.23,2024-08-18,399.03
986,78,58,15,1,22.89,2025-06-17,78.66
987,154,12,18,4,1.36,2024-10-10,1914.05
988,62,3,11,1,19.4,2024-10-26,296.08
989,132,18,16,3,6.8,2025-02-02,740.24
990,89,40,17,1,20.1,2024-09-22,178.08
991,42,21,5,1,14.05,2025-02-20,264.61
992,89,15,12,2,23.21,2024-12-24,145.9
993,146,97,11,1,3.7,2025-01-27,253.99
994,40,99,15,4,18.79,2024-08-29,57.11
995,72,26,3,4,8.35,2024-07-31,1443.16
996,39,8,1,3,25.59,2025-06-25,968.28
997,104,100,20,4,27.85,2025-04-13,168.57
998,14,94,16,2,29.89,2025-03-07,396.58
999,32,87,2,3,23.88,2024-12-03,836.16
1000,179,42,2,4,22.61,2025-05-17,774.24
